대분류,중분류,Custom,EN,소분류,1회제공량(g),칼로리(kcal),kcal per g,folder_name,class,탄수화물,단백질,지방,당 (총당류),,,,,
밥류,쌀밥류,밥류,rice,쌀밥,210,313,1.49,01011001,01,70,5,1.6,0,,,,,
밥류,잡곡밥류,밥류,rice,기타잡곡밥,210,300,1.43,01012001,01,58.65,10.59,1.74,0.64,,,,,
밥류,잡곡밥류,밥류,rice,콩밥,210,316,1.5,01012002,01,68.59,9.06,2.23,0,,,,,
밥류,잡곡밥류,밥류,rice,보리밥,210,312,1.49,01012003,01,77.22,6.09,0.5,5.4,,,,,
밥류,잡곡밥류,밥류,rice,돌솥밥,210,380,1.81,01012004,01,75.73,7.21,6.02,1.33,,,밥류,"덮밥,국밥류","김밥,초밥류"
밥류,잡곡밥류,밥류,rice,현미밥,210,275,1.31,01012005,01,81.7,6.52,1,0,,,면류,국류,만두류
밥류,잡곡밥류,밥류,rice,흑미밥,210,330,1.57,01012006,01,84.15,6.86,0.23,0.04,,,어패류,육류,채소류
밥류,채소밥류,밥류,rice,감자밥,210,308,1.47,01013001,01,68.6,5.68,0.08,0,,,튀김류,"나물,무침류",김치류
밥류,채소밥류,밥류,rice,곤드레밥,262,415,1.58,01013002,01,81.02,6.75,1.5,0,,,,,
밥류,"비빔밥,볶음밥류",밥류,rice,김치볶음밥,300,525,1.75,01014001,01,47.21,15.96,27.55,41.68,,,,,
밥류,"비빔밥,볶음밥류",밥류,rice,주먹밥,100,207,2.07,01014002,01,34.73,4.76,2.18,0.23,,,,,
밥류,"비빔밥,볶음밥류",밥류,rice,볶음밥,350,640,1.83,01014003,01,118.88,19.47,9.67,0,,,,,
밥류,"비빔밥,볶음밥류",밥류,rice,일반비빔밥,450,637,1.42,01014004,01,84.76,30.89,19.44,0.22,,,,,
밥류,"비빔밥,볶음밥류",밥류,rice,전주비빔밥,260,350,1.35,01014005,01,57.03,14.21,12.71,10.57,,,,,
밥류,"비빔밥,볶음밥류",밥류,rice,삼선볶음밥,400,686,1.72,01014006,01,86.76,26.24,26.46,1.58,,,,,
밥류,"비빔밥,볶음밥류",밥류,rice,새우볶음밥,300,480,1.6,01014007,01,84.54,23.33,22.7,2.63,,,,,
밥류,"비빔밥,볶음밥류",밥류,rice,알밥,400,392,0.98,01014008,01,63.02,18.92,20.44,9.21,,,,,
밥류,"비빔밥,볶음밥류",밥류,rice,산채비빔밥,300,391,1.3,01014009,01,60.15,8.93,11.93,2.18,,,,,
밥류,"비빔밥,볶음밥류",밥류,rice,오므라이스,400,380,0.95,01014010,01,82.14,25.98,28.91,12.76,,,,,
밥류,"비빔밥,볶음밥류",밥류,rice,육회비빔밥,400,531,1.33,01014011,01,91.68,25.55,13.43,17.81,,,,,
밥류,"비빔밥,볶음밥류",밥류,rice,해물볶음밥,300,508,1.69,01014012,01,67.84,18.83,20.25,0.92,,,,,
밥류,"비빔밥,볶음밥류",밥류,rice,열무비빔밥,300,395,1.32,01014013,01,60.15,8.93,11.93,2.18,,,,,
밥류,"덮밥,국밥류","덮밥,국밥류",deopbab,불고기덮밥,300,440,1.47,01015002,01,80.88,19.79,15.94,0.21,,,,,
밥류,"덮밥,국밥류","덮밥,국밥류",deopbab,소고기국밥,300,285,0.95,01015003,01,18.26,9.34,3.47,1.2,,,,,
밥류,"덮밥,국밥류","덮밥,국밥류",deopbab,송이덮밥,600,581,0.97,01015004,01,95.6,18.21,14.06,2.27,,,,,
밥류,"덮밥,국밥류","덮밥,국밥류",deopbab,오징어덮밥,500,667,1.33,01015005,01,109.72,35.9,10.06,3.29,,,,,
밥류,"덮밥,국밥류","덮밥,국밥류",deopbab,자장밥,300,423,1.41,01015006,01,46.7,12.82,14.16,0.1,,,,,
밥류,"덮밥,국밥류","덮밥,국밥류",deopbab,잡채밥,400,673,1.68,01015007,01,103.16,16.08,13.68,0.22,,,,,
밥류,"덮밥,국밥류","덮밥,국밥류",deopbab,잡탕밥,400,518,1.3,01015008,01,55.97,23.53,10.74,0.26,,,,,
밥류,"덮밥,국밥류","덮밥,국밥류",deopbab,장어덮밥,400,626,1.57,01015009,01,97.35,30.09,22.99,5.59,,,,,
밥류,"덮밥,국밥류","덮밥,국밥류",deopbab,제육덮밥,500,779,1.56,01015010,01,84.28,47.13,53.86,9.89,,,,,
밥류,"덮밥,국밥류","덮밥,국밥류",deopbab,짬뽕밥,300,482,1.61,01015011,01,34.95,9.6,4.19,4.01,,,,,
밥류,"덮밥,국밥류","덮밥,국밥류",deopbab,순대국밥,300,360,1.2,01015012,01,31.15,9.52,6.85,0.5,,,,,
밥류,"덮밥,국밥류","덮밥,국밥류",deopbab,카레라이스,400,544,1.36,01015013,01,82.94,12.45,5.61,0.65,,,,,
밥류,"덮밥,국밥류","덮밥,국밥류",deopbab,전주콩나물국밥,500,445,0.89,01015014,01,54.63,7.27,1.21,0,,,,,
밥류,"덮밥,국밥류","덮밥,국밥류",deopbab,해물덮밥,400,561,1.4,01015015,01,57.4,24.02,3.09,0.68,,,,,
밥류,"덮밥,국밥류","덮밥,국밥류",deopbab,회덮밥,400,465,1.16,01015016,01,82.64,24.17,13.24,8.74,,,,,
밥류,"덮밥,국밥류","덮밥,국밥류",deopbab,소머리국밥,300,487,1.62,01015017,01,8.11,4.75,2.26,0,,,,,
밥류,"덮밥,국밥류","덮밥,국밥류",deopbab,돼지국밥,300,307,1.02,01015018,01,18.68,16.6,9.65,0,,,,,
밥류,"덮밥,국밥류","덮밥,국밥류",deopbab,하이라이스,300,477,1.59,01015019,01,64.03,12.06,3.4,0,,,,,
밥류,김밥/초밥,"김밥,초밥류",sushi,김치김밥,300,413,1.38,01016001,01,57.51,12.9,12.09,0.88,,,,,
밥류,김밥/초밥,"김밥,초밥류",sushi,농어초밥,250,396,1.58,01016002,01,78.75,17.43,1.34,13.01,,,,,
밥류,김밥/초밥,"김밥,초밥류",sushi,문어초밥,250,392,1.57,01016003,01,81.78,14.61,0.74,13.38,,,,,
밥류,김밥/초밥,"김밥,초밥류",sushi,새우초밥,140,229,1.64,01016004,01,43.92,9.41,0.42,6.53,,,,,
밥류,김밥/초밥,"김밥,초밥류",sushi,새우튀김롤,300,606.5,2.02,01016005,01,96.28,14.47,18.17,,,,,,
밥류,김밥/초밥,"김밥,초밥류",sushi,샐러드김밥,250,405.95,1.62,01016006,01,61.45,9.62,13.52,3.41,,,,,
밥류,김밥/초밥,"김밥,초밥류",sushi,광어초밥,250,378.15,1.51,01016007,01,64.62,22.56,3.27,6.42,,,,,
밥류,김밥/초밥,"김밥,초밥류",sushi,소고기김밥,300,477,1.59,01016008,01,77.33,19.39,16.68,0.08,,,,,
밥류,김밥/초밥,"김밥,초밥류",sushi,갈비삼각김밥,100,161,1.61,01016009,01,32.55,4,1.67,0.17,,,,,
밥류,김밥/초밥,"김밥,초밥류",sushi,연어롤,300,510,1.7,01016010,01,74.32,18.57,15.4,8.47,,,,,
밥류,김밥/초밥,"김밥,초밥류",sushi,연어초밥,250,447.32,1.79,01016011,01,71.04,18.88,9.74,0,,,,,
밥류,김밥/초밥,"김밥,초밥류",sushi,유부초밥,300,539,1.8,01016012,01,89.45,17.34,17.3,0,,,,,
밥류,김밥/초밥,"김밥,초밥류",sushi,장어초밥,250,486.26,1.95,01016013,01,80.68,16.52,10.83,13.67,,,,,
밥류,김밥/초밥,"김밥,초밥류",sushi,참치김밥,300,496,1.65,01016014,01,60.78,21,21.66,2.12,,,,,
밥류,김밥/초밥,"김밥,초밥류",sushi,참치마요삼각김밥,110,219.99,2,01016015,01,27.99,6.52,9.03,0,,,,,
밥류,김밥/초밥,"김밥,초밥류",sushi,치즈김밥,300,545,1.82,01016017,01,66.3,18.73,21.1,0.63,,,,,
밥류,김밥/초밥,"김밥,초밥류",sushi,캘리포니아롤,125,158,1.26,01016018,01,37.18,5.14,3.77,3.71,,,,,
밥류,김밥/초밥,"김밥,초밥류",sushi,한치초밥,250,374,1.5,01016019,01,77.92,13.71,0.85,13.13,,,,,
밥류,김밥/초밥,"김밥,초밥류",sushi,일반김밥,230,322.56,1.4,01016020,01,45.95,11.14,10.47,0,,,,,
"면,만두류",면류,면류,noodle,간자장,500,625.08,1.25,02011001,02,103.25,17.18,16.95,9.35,,,,,
"면,만두류",면류,면류,noodle,굴짬뽕,900,680.67,0.76,02011002,02,115.69,32.87,9.61,1.7,,,,,
"면,만두류",면류,면류,noodle,기스면,1000,606.93,0.61,02011003,02,89.79,37.82,10.72,0.5,,,,,
"면,만두류",면류,면류,noodle,김치라면,650,552,0.85,02011004,02,86.2,13.8,16.9,1.2,,,,,
"면,만두류",면류,면류,noodle,김치우동,800,500.18,0.63,02011005,02,99.14,15.55,4.6,2.13,,,,,
"면,만두류",면류,면류,noodle,김치말이국수,600,302.53,0.5,02011006,02,52,12.9,4.8,8.3,,,,,
"면,만두류",면류,면류,noodle,닭칼국수,900,663,0.74,02011007,02,94.7,42.2,12.8,5.3,,,,,
"면,만두류",면류,면류,noodle,들깨칼국수,550,534,0.97,02011008,02,54.82,16.13,15.13,1.28,,,,,
"면,만두류",면류,면류,noodle,떡라면,550,525.49,0.96,02011009,02,84.01,11.21,16.07,0,,,,,
"면,만두류",면류,면류,noodle,라면,550,450.91,0.82,02011010,02,75.08,9.48,12.52,0,,,,,
"면,만두류",면류,면류,noodle,막국수,600,799.33,1.33,02011011,02,143.37,34.81,9.63,29.28,,,,,
"면,만두류",면류,면류,noodle,메밀국수,350,221.87,0.63,02011012,02,42.21,10.98,1.01,0,,,,,
"면,만두류",면류,면류,noodle,물냉면,700,383.98,0.55,02011013,02,72.15,13.75,4.49,31.63,,,,,
"면,만두류",면류,면류,noodle,비빔국수,500,512.46,1.02,02011014,02,102.36,15.06,4.75,20.53,,,,,
"면,만두류",면류,면류,noodle,비빔냉면,500,499.16,1,02011015,02,66.74,28.33,13.21,20.1,,,,,
"면,만두류",면류,면류,noodle,삼선우동,1000,691.66,0.69,02011016,02,105.9,47.94,8.48,0.8,,,,,
"면,만두류",면류,면류,noodle,삼선자장면,700,803.9,1.15,02011017,02,126.53,33.64,18.14,10.15,,,,,
"면,만두류",면류,면류,noodle,삼선짬뽕,900,662.37,0.74,02011018,02,101.73,39.63,10.77,1.09,,,,,
"면,만두류",면류,국류,stew,수제비,650,378.28,0.58,02011019,02,72.04,14.99,3.35,0,,,,,
"면,만두류",면류,면류,noodle,쌀국수,600,320.32,0.53,02011020,02,55.1,15.6,4.2,4.3,,,,,
"면,만두류",면류,면류,noodle,열무김치국수,800,431,0.54,02011021,02,69.6,15,10.2,18.6,,,,,
"면,만두류",면류,면류,noodle,오일소스스파게티,320,465,1.45,02011023,02,71.54,15.64,18.74,1.13,,,,,
"면,만두류",면류,면류,noodle,일식우동,800,1264.19,1.58,02011024,02,84.8,15.3,9.04,2.84,,,,,
"면,만두류",면류,면류,noodle,볶음우동,300,385.41,1.28,02011025,02,74.36,8.41,6.04,1.28,,,,,
"면,만두류",면류,면류,noodle,자장면,600,529.18,0.88,02011027,02,123.35,18.25,18.76,7.2,,,,,
"면,만두류",면류,면류,noodle,잔치국수,700,310.2,0.44,02011028,02,56.34,13.53,3.41,0.3,,,,,
"면,만두류",면류,면류,noodle,짬뽕,800,464.46,0.58,02011029,02,66.06,22.3,12.34,12.52,,,,,
"면,만두류",면류,면류,noodle,짬뽕라면,750,689,0.92,02011030,02,92,21.3,26.3,1.6,,,,,
"면,만두류",면류,면류,noodle,쫄면,550,706.96,1.29,02011031,02,127.91,17.68,13.84,19.32,,,,,
"면,만두류",면류,면류,noodle,치즈라면,600,595,0.99,02011032,02,80,16.8,23,0.9,,,,,
"면,만두류",면류,면류,noodle,콩국수,800,651.57,0.81,02011033,02,71.37,31.2,26.81,1.95,,,,,
"면,만두류",면류,면류,noodle,크림소스스파게티,400,837.57,2.09,02011034,02,73.76,21.79,50.59,9.17,,,,,
"면,만두류",면류,면류,noodle,토마토소스스파게티,500,642.58,1.29,02011035,02,93.2,24.35,19.15,15.6,,,,,
"면,만두류",면류,면류,noodle,해물칼국수,900,628.26,0.7,02011036,02,123.9,22.8,4.61,3.81,,,,,
"면,만두류",면류,면류,noodle,회냉면,500,741.26,1.48,02011037,02,111.04,29.04,20.11,14.21,,,,,
"면,만두류",면류,국류,stew,떡국,700,588.01,0.84,02011038,02,114.57,24.01,3.74,0.57,,,,,
"면,만두류",면류,국류,stew,떡만둣국,700,624.92,0.89,02011039,02,110.71,20.06,11.32,0.16,,,,,
"면,만두류",면류,면류,noodle,짜장라면,135,530,3.93,02011040,02,93.54,10.61,19.29,5.79,,,,,
"면,만두류",만두류,만두류,dumpling,고기만두,220,350.25,1.59,02012001,02,38.28,27.23,9.8,0.35,,,,,
"면,만두류",만두류,만두류,dumpling,군만두,220,514.51,2.34,02012002,02,56.26,15.46,25.29,6.1,,,,,
"면,만두류",만두류,만두류,dumpling,김치만두,220,334.15,1.52,02012003,02,37.44,22.53,10.47,0.77,,,,,
"면,만두류",만두류,만두류,dumpling,물만두,230,448.16,1.95,02012004,02,35.9,18.53,25.6,4.89,,,,,
"면,만두류",만두류,만두류,dumpling,만둣국,700,434.05,0.62,02012005,02,47.8.,21.43,17.45,3.05,,,,,
"국,탕,찌개류",맑은국류,국류,stew,굴국,650,683,1.05,04011001,04,88.4,42.4,17.8,0.3,,,,,
"국,탕,찌개류",맑은국류,국류,stew,김치국,450,89,0.2,04011002,04,10.5,5.4,2.8,2.9,,,,,
"국,탕,찌개류",맑은국류,국류,stew,달걀국,400,52.37,0.13,04011003,04,2.74,3.73,2.94,0,,,,,
"국,탕,찌개류",맑은국류,국류,stew,감자국,700,221,0.32,04011004,04,34.6,8.3,5.5,5.2,,,,,
"국,탕,찌개류",맑은국류,국류,stew,미역국,400,46.36,0.12,04011005,04,3.49,2.58,2.45,1.08,,,,,
"국,탕,찌개류",맑은국류,국류,stew,바지락조개국,550,157,0.29,04011006,04,10.1,22,3.1,1.3,,,,,
"국,탕,찌개류",맑은국류,국류,stew,소고기무국,400,123,0.31,04011007,04,7.8,14.2,4,3.5,,,,,
"국,탕,찌개류",맑은국류,국류,stew,소고기미역국,650,151,0.23,04011008,04,7.7,18.1,5.3,0,,,,,
"국,탕,찌개류",맑은국류,국류,stew,순대국,800,540.3,0.68,04011010,04,17.26,43.52,33.02,0,,,,,
"국,탕,찌개류",맑은국류,국류,stew,어묵국,350,106.95,0.31,04011011,04,13.41,5.2,3.61,0.25,,,,,
"국,탕,찌개류",맑은국류,국류,stew,오징어국,500,91.91,0.18,04011012,04,3.63,11.1,3.67,1.2,,,,,
"국,탕,찌개류",맑은국류,국류,stew,토란국,400,62.09,0.16,04011013,04,10.42,4.01,0.49,1.07,,,,,
"국,탕,찌개류",맑은국류,국류,stew,탕국,250,92.15,0.37,04011014,04,0.24,13.18,4.27,0.08,,,,,
"국,탕,찌개류",맑은국류,국류,stew,홍합미역국,650,167,0.26,04011015,04,11.6,19.7,4.7,0,,,,,
"국,탕,찌개류",맑은국류,국류,stew,황태해장국,600,181.7,0.3,04011016,04,5.7,24.5,6.8,1.5,,,,,
"국,탕,찌개류",된장국류,국류,stew,근대된장국,400,38.84,0.1,04012001,04,2.71,3.49,1.56,3.31,,,,,
"국,탕,찌개류",된장국류,국류,stew,미소된장국,150,38,0.25,04012002,04,2.8,2.8,1.8,0.7,,,,,
"국,탕,찌개류",된장국류,국류,stew,배추된장국,400,79.08,0.2,04012003,04,10.33,5.85,1.6,0,,,,,
"국,탕,찌개류",된장국류,국류,stew,뼈다귀해장국,1000,714,0.71,04012004,04,23.4,74.6,35.7,5.7,,,,,
"국,탕,찌개류",된장국류,국류,stew,선지(해장)국,600,173.84,0.29,04012005,04,7.39,23.18,5.73,0,,,,,
"국,탕,찌개류",된장국류,국류,stew,콩나물국,400,24.66,0.06,04012006,04,2.44,2.95,0.35,0.65,,,,,
"국,탕,찌개류",된장국류,국류,stew,시금치된장국,400,37.98,0.09,04012007,04,3.91,4.07,0.67,0.44,,,,,
"국,탕,찌개류",된장국류,국류,stew,시래기된장국,450,99,0.22,04012008,04,11,6.7,3.1,1.3,,,,,
"국,탕,찌개류",된장국류,국류,stew,쑥된장국,400,60.64,0.15,04012009,04,6.08,4.88,1.87,2.92,,,,,
"국,탕,찌개류",된장국류,국류,stew,아욱된장국,400,81.83,0.2,04012010,04,6.34,9.1,2.23,0.44,,,,,
"국,탕,찌개류",된장국류,국류,stew,우거지된장국,400,78.61,0.2,04012011,04,3.29,11.08,2.35,2.5,,,,,
"국,탕,찌개류",된장국류,국류,stew,우거지해장국,600,154.38,0.26,04012012,04,13.5,11.9,5.9,2.5,,,,,
"국,탕,찌개류",된장국류,국류,stew,우렁된장국,500,245,0.49,04012013,04,19.2,24.6,7.7,3.6,,,,,
"국,탕,찌개류",곰국/탕류,국류,stew,갈비탕,670,363.24,0.54,04013002,04,2.68,57,13.83,0.77,,,,,
"국,탕,찌개류",곰국/탕류,국류,stew,감자탕,530,375.69,0.71,04013003,04,12.03,33.43,21.54,0,,,,,
"국,탕,찌개류",곰국/탕류,국류,stew,곰탕,600,145.15,0.24,04013004,04,0.66,20.57,6.69,0,,,,,
"국,탕,찌개류",곰국/탕류,국류,stew,매운탕,600,384.38,0.64,04013005,04,17.3,35.1,19.4,4.3,,,,,
"국,탕,찌개류",곰국/탕류,국류,stew,꼬리곰탕,500,135.9,0.27,04013006,04,4.23,22.51,3.22,0,,,,,
"국,탕,찌개류",곰국/탕류,국류,stew,꽃게탕,600,101.1,0.17,04013007,04,8.61,11.13,2.46,5.71,,,,,
"국,탕,찌개류",곰국/탕류,국류,stew,낙지탕,600,187.8,0.31,04013008,04,10.4,29.4,3.2,1.9,,,,,
"국,탕,찌개류",곰국/탕류,국류,stew,내장탕,600,423.97,0.71,04013009,04,10.08,34.9,27.12,0.32,,,,,
"국,탕,찌개류",곰국/탕류,국류,stew,닭곰탕,650,330.4,0.51,04013010,04,13.01,48.8,9.24,1.93,,,,,
"국,탕,찌개류",곰국/탕류,국류,stew,닭볶음탕,300,332.04,1.11,04013011,04,25.57,35.74,9.65,1.25,,,,,
"국,탕,찌개류",곰국/탕류,국류,stew,지리탕,600,262.02,0.44,04013012,04,9.9,41.6,6.2,1.5,,,,,
"국,탕,찌개류",곰국/탕류,국류,stew,도가니탕,500,198.17,0.4,04013013,04,4.1,41.76,1.63,0,,,,,
"국,탕,찌개류",곰국/탕류,국류,stew,삼계탕,900,911.39,1.01,04013014,04,34.57,96.09,43.19,4.03,,,,,
"국,탕,찌개류",곰국/탕류,국류,stew,설렁탕,500,118.37,0.24,04013015,04,1.8,21.3,2.88,0,,,,,
"국,탕,찌개류",곰국/탕류,국류,stew,알탕,520,203.13,0.39,04013017,04,9.06,33.11,3.83,0,,,,,
"국,탕,찌개류",곰국/탕류,국류,stew,연포탕,1000,541.64,0.54,04013018,04,20.19,94.9,9.03,0.23,,,,,
"국,탕,찌개류",곰국/탕류,국류,stew,오리탕,600,728.09,1.21,04013019,04,36.46,56.99,39.37,21.45,,,,,
"국,탕,찌개류",곰국/탕류,국류,stew,추어탕,350,188.33,0.54,04013020,04,10.74,11.33,11.12,0,,,,,
"국,탕,찌개류",곰국/탕류,국류,stew,해물탕,600,267.81,0.45,04013021,04,16.6,39.8,4.7,0.8,,,,,
"국,탕,찌개류",곰국/탕류,국류,stew,닭개장,700,142.98,0.2,04013022,04,9.88,19.17,2.97,4,,,,,
"국,탕,찌개류",곰국/탕류,국류,stew,육개장,440,130.33,0.3,04013023,04,6.54,16.21,4.37,3.33,,,,,
"국,탕,찌개류",곰국/탕류,국류,stew,뼈해장국,800,206.01,0.26,04013024,04,8.46,25.55,7.77,5.07,,,,,
"국,탕,찌개류",냉국류,국류,stew,미역오이냉국,350,21.8,0.06,04014001,04,2.98,1.31,0.52,2.42,,,,,
"국,탕,찌개류",어패류찌개,국류,stew,고등어찌개,600,601.62,1,04015001,04,25.6,48.9,33.7,7.4,,,,,
"국,탕,찌개류",어패류찌개,국류,stew,꽁치찌개,300,355,1.18,04015002,04,12.2,24,23.3,5.9,,,,,
"국,탕,찌개류",어패류찌개,국류,stew,동태찌개,200,87.22,0.44,04015003,04,3.44,12.22,2.73,0.25,,,,,
"국,탕,찌개류",육류찌개,국류,stew,부대찌개,600,737.25,1.23,04016001,04,61.59,35.16,38.91,1.05,,,,,
"국,탕,찌개류",된장찌개류,국류,stew,된장찌개,200,91.91,0.46,04017001,04,8.87,6.76,3.26,0,,,,,
"국,탕,찌개류",된장찌개류,국류,stew,청국장찌개,200,93.59,0.47,04017002,04,3.84,10.06,4.22,0,,,,,
"국,탕,찌개류",전골류,국류,stew,두부전골,500,315.16,0.63,04018001,04,17.1,25.6,16.1,3.5,,,,,
"국,탕,찌개류",전골류,국류,stew,곱창전골,600,529,0.88,04018002,04,29.2,41.6,27.3,2.3,,,,,
"국,탕,찌개류",전골류,국류,stew,소고기전골,525,725,1.38,04018003,04,105,15,27,9,,,,,
"국,탕,찌개류",전골류,국류,stew,국수전골,200,179,0.9,04018004,04,100,10,10,2,,,,,
"국,탕,찌개류",기타,국류,stew,돼지고기김치찌개,200,90.91,0.45,04019001,04,2.7,8.49,5.41,0.09,,,,,
"국,탕,찌개류",기타,국류,stew,버섯찌개,400,167.56,0.42,04019002,04,15.4,14.7,5.2,4.4,,,,,
"국,탕,찌개류",기타,국류,stew,참치김치찌개,300,154.06,0.51,04019003,04,8.7,10.76,8.47,0.45,,,,,
"국,탕,찌개류",기타,국류,stew,순두부찌개,200,85.54,0.43,04019004,04,2.61,9.06,4.32,1.19,,,,,
"국,탕,찌개류",기타,국류,stew,콩비지찌개,400,275.73,0.69,04019005,04,14.27,26.95,12.32,12.98,,,,,
"국,탕,찌개류",기타,국류,stew,햄김치찌개,300,189,0.63,04019006,04,12.7,11.1,10.4,3.6,,,,,
"국,탕,찌개류",기타,국류,stew,호박찌개,300,95,0.32,04019007,04,12.2,5.6,2.6,5.8,,,,,
"국,탕,찌개류",기타,국류,stew,고추장찌개,500,261.81,0.52,04019008,04,15.88,20.04,13.13,4,,,,,
찜류,어패류찜,어패류,seafood,대구찜,500,376.42,0.75,05011001,05,24.7,51.7,7.9,5.7,,,,,
찜류,어패류찜,어패류,seafood,도미찜,100,125.51,1.26,05011002,05,0.54,23,3.48,0,,,,,
찜류,어패류찜,어패류,seafood,문어숙회,80,66.91,0.84,05011004,05,0.73,14.86,0.5,0,,,,,
찜류,어패류찜,어패류,seafood,아귀찜,200,168.18,0.84,05011008,05,14.52,13.44,6.26,5.46,,,,,
찜류,어패류찜,어패류,seafood,조기찜,100,182.12,1.82,05011010,05,1.64,20.06,10.59,0,,,,,
찜류,어패류찜,어패류,seafood,참꼬막,80,90.79,1.13,05011011,05,4.59,12.47,2.5,0,,,,,
찜류,어패류찜,어패류,seafood,해물찜,500,400.08,0.8,05011012,05,35.40,42.6,9.8,5.5,,,,,
찜류,육류찜,육류,meat,소갈비찜,250,494.6,1.98,05012001,05,15.00,10,9.5,10,,,,,
찜류,육류찜,육류,meat,돼지갈비찜,300,581.39,1.94,05012002,05,22.33,39.86,36.96,0.39,,,,,
찜류,육류찜,육류,meat,돼지고기수육,300,936.89,3.12,05012003,05,7.05,59.65,74.46,7.21,,,,,
찜류,육류찜,육류,meat,찜닭,1500,"1,364.21",0.91,05012004,05,174.00,162,81,66,,,,,
찜류,육류찜,육류,meat,족발,250,582.68,2.33,05012005,05,2.32,65.09,34.78,0,,,,,
찜류,기타찜,육류,meat,달걀찜,200,209.74,1.05,05013001,05,7.59,16.45,12.62,5.09,,,,,
구이류,육류구이,육류,meat,닭갈비,400,595.61,1.49,06012001,06,44.9,45.9,25.8,21.2,,,,,
구이류,육류구이,육류,meat,닭꼬치,70,176.72,2.52,06012002,06,13.4,11.6,8.5,0,,,,,
구이류,육류구이,육류,meat,돼지갈비,100,240.32,2.4,06012003,06,8.1,19.5,14.4,4.5,,,,,
구이류,육류구이,육류,meat,떡갈비,200,403.4,2.02,06012004,06,4.92,42.76,23.63,0.79,,,,,
구이류,육류구이,육류,meat,불고기,200,449.57,2.25,06012005,06,8.1,29.71,33.15,9.26,,,,,
구이류,육류구이,육류,meat,소곱창구이,150,275.96,1.84,06012006,06,7.07,22.33,17.59,1.67,,,,,
구이류,육류구이,육류,meat,소양념갈비구이,300,989.15,3.3,06012007,06,26.2,60.1,71.6,13.9,,,,,
구이류,육류구이,육류,meat,소불고기,100,179,1.79,06012008,06,15,13.5,15,12,,,,,
구이류,육류구이,육류,meat,양념왕갈비,150,480.81,3.21,06012009,06,13.7,27.1,35.3,6.8,,,,,
구이류,육류구이,육류,meat,햄버거스테이크,150,555.75,3.71,06012010,06,6.97,38.47,41.62,13.66,,,,,
구이류,육류구이,육류,meat,훈제오리,250,797.14,3.19,06012011,06,12.08,43.06,64.07,0.27,,,,,
구이류,육류구이,육류,meat,치킨데리야끼,340,707.64,2.08,06012012,06,51.71,56.23,30.65,0.39,,,,,
구이류,육류구이,육류,meat,치킨윙,200,386,1.93,06012013,06,44,48,26,5,,,,,
구이류,기타,채소류,vegetable,더덕구이,100,184,1.84,06013001,06,31.1,3.1,5.2,11.6,,,,,
구이류,기타,채소류,vegetable,양배추구이,100,100,1,06013002,06,30,3,5,10,,,,,
구이류,기타,채소류,vegetable,두부구이,65,91.12,1.4,06013003,06,2.85,7.02,5.74,0,,,,,
구이류,생선구이,어패류,seafood,삼치구이,200,355.16,1.78,06014001,06,2.89,42.83,19.14,0.43,,,,,
"전,부침류",어패류전,어패류,seafood,가자미전,150,230.28,1.54,07011001,07,6.92,25.76,11.07,0.31,,,,,
"전,부침류",어패류전,어패류,seafood,굴전,100,195,1.95,07011002,07,14.5,10.6,10.5,1.3,,,,,
"전,부침류",어패류전,어패류,seafood,동태전,150,268.05,1.79,07011003,07,10.54,22.64,15.04,0.22,,,,,
"전,부침류",어패류전,어패류,seafood,해물파전,150,256.14,1.71,07011004,07,27.43,8.25,12.6,1.23,,,,,
"전,부침류",육류전,육류,meat,동그랑땡,150,309.2,2.06,07012001,07,12.68,19.62,20,0.98,,,,,
"전,부침류",육류전,육류,meat,햄부침,100,244,2.44,07012002,07,11.3,11.3,17.1,1,,,,,
"전,부침류",육류전,육류,meat,육전,150,292,1.95,07012003,07,20.65,20.42,13.82,0,,,,,
"전,부침류",채소류전,채소류,vegetable,감자전,200,265.62,1.33,07013001,07,33.58,3.43,13.07,3.62,,,,,
"전,부침류",채소류전,채소류,vegetable,고추전,150,274.69,1.83,07013002,07,17.01,12.91,17.22,2.17,,,,,
"전,부침류",채소류전,채소류,vegetable,김치전,150,201.08,1.34,07013003,07,28.51,7.58,6.3,6.32,,,,,
"전,부침류",채소류전,채소류,vegetable,깻잎전,150,361.1,2.41,07013004,07,14.54,17.74,25.78,1.06,,,,,
"전,부침류",채소류전,채소류,vegetable,녹두빈대떡,100,207.94,2.08,07013005,07,20.93,7.95,10.27,0.1,,,,,
"전,부침류",채소류전,채소류,vegetable,미나리전,150,226.41,1.51,07013006,07,34.23,5.24,7.62,1.74,,,,,
"전,부침류",채소류전,채소류,vegetable,배추전,150,240.75,1.61,07013007,07,35.52,5.17,8.67,5.02,,,,,
"전,부침류",채소류전,채소류,vegetable,버섯전,150,240.69,1.6,07013008,07,16.19,10.52,14.87,2.74,,,,,
"전,부침류",채소류전,채소류,vegetable,야채전,100,194,1.94,07013010,07,21.6,5.4,9.5,2.4,,,,,
"전,부침류",채소류전,채소류,vegetable,파전,150,292.8,1.95,07013011,07,34.81,6.83,14.03,0.79,,,,,
"전,부침류",채소류전,채소류,vegetable,호박부침개,100,129,1.29,07013012,07,10.1,3.9,8.1,3.6,,,,,
"전,부침류",채소류전,채소류,vegetable,호박전,150,208.1,1.39,07013013,07,16.1,6.48,13.09,2.85,,,,,
"전,부침류",기타,육류,meat,달걀말이,100,193.49,1.93,07014001,07,1.45,17.21,13.21,0,,,,,
볶음류,어패류볶음,어패류,seafood,건새우볶음,20,60.83,3.04,08011001,08,1.08,8.31,2.59,0.81,,,,,
볶음류,어패류볶음,어패류,seafood,낙지볶음,200,182.69,0.91,08011002,08,17.2,11.53,7.53,15.81,,,,,
볶음류,어패류볶음,어패류,seafood,멸치볶음,50,138,2.76,08011003,08,6.81,19.72,3.54,5.8,,,,,
볶음류,어패류볶음,어패류,seafood,어묵볶음,140,275.24,1.97,08011004,08,34.06,11.78,10.21,8.84,,,,,
볶음류,어패류볶음,어패류,seafood,오징어볶음,200,255.56,1.28,08011005,08,14.86,19.69,13.04,3.85,,,,,
볶음류,어패류볶음,어패류,seafood,오징어채볶음,20,59.52,2.98,08011006,08,4.07,4.09,2.99,4.92,,,,,
볶음류,어패류볶음,어패류,seafood,주꾸미볶음,200,211.41,1.06,08011007,08,22.83,18.33,5.2,5.06,,,,,
볶음류,어패류볶음,어패류,seafood,해물볶음,400,419.06,1.05,08011008,08,32.2,38.2,15.3,7.4,,,,,
볶음류,채소류볶음,채소류,vegetable,감자볶음,100,100.18,1,08012001,08,15.24,1.62,6.02,1.74,90.00,16.93,1.8,6.69,1.93
볶음류,채소류볶음,채소류,vegetable,김치볶음,100,106.07,1.06,08012002,08,4.29,1.66,7.42,1.68,38.00,11.29,4.37,19.53,4.42
볶음류,채소류볶음,채소류,vegetable,깻잎나물볶음,200,206,1.03,08012003,08,14.65,8.10,5.70,1.50,80.00,36.63,20.25,14.25,3.75
볶음류,채소류볶음,채소류,vegetable,느타리버섯볶음,50,47.09,0.94,08012004,08,3.39,1.40,3.10,2.12,50.00,3.39,1.4,3.1,2.12
볶음류,채소류볶음,채소류,vegetable,두부김치,250,288.21,1.15,08012005,08,14.08,19.47,17.11,1.49,250.00,14.08,19.47,17.11,1.49
볶음류,채소류볶음,채소류,vegetable,머위나물볶음,150,108,0.72,08012006,08,7.60,3.50,7.00,1.80,150.00,7.6,3.5,7,1.8
볶음류,채소류볶음,채소류,vegetable,양송이버섯볶음,150,136,0.91,08012007,08,11.00,4.50,8.30,1.20,150.00,11,4.5,8.3,1.2
볶음류,채소류볶음,채소류,vegetable,표고버섯볶음,150,142,0.95,08012008,08,15.80,4.50,6.70,2.60,150.00,15.8,4.5,6.7,2.6
볶음류,채소류볶음,채소류,vegetable,고추잡채,200,256.77,1.28,08012009,08,26.17,10.99,12.01,2.09,200.00,26.17,10.99,12.01,2.09
볶음류,채소류볶음,채소류,vegetable,호박볶음,50,29.52,0.59,08012010,08,2.65,0.66,1.81,0.21,50.00,2.65,0.66,1.81,0.21
볶음류,"육류,난류볶음",육류,meat,돼지고기볶음,200,351,1.76,08013001,08,18.21,22.96,20.67,8.20,200.00,18.21,22.96,20.67,8.2
볶음류,"육류,난류볶음",육류,meat,돼지껍데기볶음,150,352,2.35,08013002,08,24.50,25.80,16.70,5.50,150.00,24.5,25.8,16.7,5.5
볶음류,"육류,난류볶음",육류,meat,소세지볶음,200,471,2.36,08013003,08,31.80,18.80,29.90,8.90,200.00,31.8,18.8,29.9,8.9
볶음류,"육류,난류볶음",육류,meat,순대볶음,400,582,1.46,08013004,08,76.70,20.70,21.30,5.40,400.00,76.7,20.7,21.3,5.4
볶음류,"육류,난류볶음",육류,meat,오리불고기,250,361.52,1.45,08013005,08,22.62,16.87,22.62,15.73,250.00,22.62,16.87,22.62,15.73
볶음류,"육류,난류볶음",육류,meat,오삼불고기,200,363,1.82,08013006,08,20.50,25.60,19.90,7.60,200.00,20.5,25.6,19.9,7.6
볶음류,"곡류,두류볶음",면류,noodle,떡볶이,200,304,1.52,08014001,08,51.91,7.01,5.91,8.80,180.00,57.68,7.79,6.57,9.78
볶음류,"곡류,두류볶음",면류,noodle,라볶이,200,268.47,1.34,08014002,08,153.33,20.00,20.00,20.00,30.00,1022.2,133.33,133.33,133.33
볶음류,"곡류,두류볶음","덮밥,국밥류",deopbab,마파두부,200,228,1.14,08014003,08,10.73,14.59,12.96,4.90,160.00,13.41,18.24,16.2,6.13
조림류,어패류조림,어패류,seafood,가자미조림,300,297.98,0.99,09011001,09,21.50,37.10,7.10,10.50,300.00,21.5,37.1,7.1,10.5
조림류,어패류조림,어패류,seafood,갈치조림,100,100.82,1.01,09011002,09,7.00,9.00,4.00,3.00,100.00,7,9,4,3
조림류,어패류조림,어패류,seafood,고등어조림,100,141.01,1.41,09011003,09,4.10,11.25,8.84,3.39,100.00,4.1,11.25,8.84,3.39
조림류,어패류조림,어패류,seafood,꽁치조림,100,243.51,2.44,09011004,09,5.14,15.52,17.87,4.05,100.00,5.14,15.52,17.87,4.05
조림류,어패류조림,어패류,seafood,동태조림,250,276,1.1,09011005,09,17.40,40.80,4.70,10.20,250.00,17.4,40.8,4.7,10.2
조림류,어패류조림,어패류,seafood,북어조림,100,181.86,1.82,09011006,09,17.14,20.83,3.33,8.20,100.00,17.14,20.83,3.33,8.2
조림류,어패류조림,어패류,seafood,조기조림,300,384,1.28,09011007,09,12.80,41.10,18.80,4.50,300.00,12.8,41.1,18.8,4.5
조림류,어패류조림,어패류,seafood,코다리조림,100,86.06,0.86,09011008,09,4.16,16.46,0.40,3.67,100.00,4.16,16.46,0.4,3.67
조림류,난류조림,육류,meat,달걀장조림,100,138.11,1.38,09012001,09,8.67,9.85,7.12,6.87,100.00,8.67,9.85,7.12,6.87
조림류,난류조림,육류,meat,메추리알장조림,100,202.86,2.03,09012002,09,6.30,14.25,13.41,3.48,100.00,6.3,14.25,13.41,3.48
조림류,육류조림,육류,meat,돼지고기메추리알장조림,50,63.49,1.27,09013001,09,3.37,8.34,1.85,1.27,50.00,3.37,8.34,1.85,1.27
조림류,육류조림,육류,meat,소고기메추리알장조림,50,60.65,1.21,09013002,09,2.88,8.14,1.84,0.72,50.00,2.88,8.14,1.84,0.72
조림류,채소류조림,채소류,vegetable,고추조림,100,111,1.11,09014001,09,13.40,3.30,4.90,7.10,100.00,13.4,3.3,4.9,7.1
조림류,채소류조림,채소류,vegetable,감자조림,50,56.79,1.14,09014002,09,9.05,1.20,1.76,3.84,50.00,9.05,1.2,1.76,3.84
조림류,채소류조림,채소류,vegetable,우엉조림,30,56.54,1.88,09014003,09,10.44,1.44,1.00,8.53,30.00,10.44,1.44,1,8.53
조림류,채소류조림,채소류,vegetable,알감자조림,50,56.79,1.14,09014004,09,9.05,1.20,1.76,3.84,50.00,9.05,1.2,1.76,3.84
조림류,두류조림,채소류,vegetable,(검은)콩조림,20,54,2.7,09015001,09,6.97,3.59,1.55,0.71,30.00,4.65,2.39,1.03,0.47
조림류,두류조림,채소류,vegetable,두부고추장조림,50,71.55,1.43,09015003,09,2.20,4.82,4.83,1.82,50.00,2.2,4.82,4.83,1.82
조림류,기타,채소류,vegetable,땅콩조림,20,96.62,4.83,09016001,09,3.99,3.75,7.28,1.97,20.00,3.99,3.75,7.28,1.97
튀김류,어패류튀김,튀김류,fried,미꾸라지튀김,100,387.49,3.87,10011001,10,28.86,10.89,25.39,0.30,100.00,28.86,10.89,25.39,0.3
튀김류,어패류튀김,튀김류,fried,새우튀김,100,301,3.01,10011002,10,18.96,17.01,15.89,0.09,150.00,12.64,11.34,10.59,0.06
튀김류,어패류튀김,튀김류,fried,생선가스,200,653.44,3.27,10011003,10,46.56,24.33,41.10,1.96,200.00,46.56,24.33,41.1,1.96
튀김류,어패류튀김,튀김류,fried,쥐포튀김,100,356.91,3.57,10011004,10,42.50,9.62,16.49,7.96,100.00,42.5,9.62,16.49,7.96
튀김류,어패류튀김,튀김류,fried,오징어튀김,100,308,3.08,10011005,10,22.43,12.37,21.99,0.33,150.00,14.95,8.25,14.66,0.22
튀김류,육류튀김,튀김류,fried,닭강정,200,450.09,2.25,10012001,10,45.04,23.68,19.47,7.95,200.00,45.04,23.68,19.47,7.95
튀김류,육류튀김,튀김류,fried,닭튀김,300,903,3.01,10012002,10,48.80,65.20,49.70,1.50,300.00,48.8,65.2,49.7,1.5
튀김류,육류튀김,튀김류,fried,돈가스,30,26.46,0.88,10012003,10,2.02,1.28,1.48,0.00,30.00,2.02,1.28,1.48,0
튀김류,육류튀김,튀김류,fried,모래집튀김,150,468.37,3.12,10012004,10,29.10,28.10,26.60,1.80,150.00,29.1,28.1,26.6,1.8
튀김류,육류튀김,튀김류,fried,양념치킨,200,552,2.76,10012005,10,42.30,35.50,26.80,12.50,200.00,42.3,35.5,26.8,12.5
튀김류,육류튀김,튀김류,fried,치즈돈가스,250,755.37,3.02,10012006,10,25.41,57.87,41.57,2.46,250.00,25.41,57.87,41.57,2.46
튀김류,육류튀김,튀김류,fried,치킨가스,200,593,2.97,10012007,10,44.02,27.91,33.92,4.15,200.00,44.02,27.91,33.92,4.15
튀김류,육류튀김,튀김류,fried,탕수육,200,457,2.29,10012008,10,24.84,27.21,16.75,19.08,200.00,24.84,27.21,16.75,19.08
튀김류,육류튀김,튀김류,fried,깐풍기,200,589,2.95,10012009,10,36.56,25.19,23.60,6.13,150.00,48.75,33.59,31.47,8.17
튀김류,"채소,해조류튀김",튀김류,fried,감자튀김,150,467.75,3.12,10014001,10,52.72,6.82,25.51,0.55,,,,,
튀김류,"채소,해조류튀김",튀김류,fried,고구마맛탕,200,491,2.46,10014002,10,94.60,3.30,11.00,38.70,,,,,
튀김류,"채소,해조류튀김",튀김류,fried,고구마튀김,100,252.96,2.53,10014003,10,33.80,2.72,11.87,7.72,,,,,
튀김류,"채소,해조류튀김",튀김류,fried,고추튀김,100,202,2.02,10014004,10,14.60,7.60,12.60,2.30,,,,,
튀김류,"채소,해조류튀김",튀김류,fried,김말이튀김,100,251,2.51,10014005,10,26.50,1.98,15.85,0.81,,,,,
튀김류,"채소,해조류튀김",튀김류,fried,채소튀김,100,404.63,4.05,10014006,10,36.83,3.25,27.14,6.37,,,,,
"나물,무침류",생채류,"나물,무침류",seasoned vegetable,노각무침,150,84,0.56,11011001,11,14.3,2.6,1.8,7.1,,,,,
"나물,무침류",생채류,"나물,무침류",seasoned vegetable,단무지무침,50,20,0.4,11011002,11,2.8,0.5,0.8,0.7,,,,,
"나물,무침류",생채류,"나물,무침류",seasoned vegetable,달래나물무침,150,136,0.91,11011003,11,23.8,4,2.8,11.2,,,,,
"나물,무침류",생채류,"나물,무침류",seasoned vegetable,더덕무침,150,216,1.44,11011004,11,43.4,4.3,2.8,20.2,,,,,
"나물,무침류",생채류,"나물,무침류",seasoned vegetable,도라지생채,160,123.97,0.77,11011005,11,25.84,3.3,0.82,8.4,,,,,
"나물,무침류",생채류,"나물,무침류",seasoned vegetable,도토리묵,200,147.76,0.74,11011006,11,21.84,1.85,5.89,3.63,,,,,
"나물,무침류",생채류,"나물,무침류",seasoned vegetable,마늘쫑무침,30,31.92,1.06,11011007,11,3.83,0.82,1.48,2.24,,,,,
"나물,무침류",생채류,"나물,무침류",seasoned vegetable,무생채,150,73.54,0.49,11011008,11,10.99,3.64,1.67,2.67,,,,,
"나물,무침류",생채류,"나물,무침류",seasoned vegetable,무말랭이,20,24.17,1.21,11011009,11,4.5,0.84,0.31,0.82,,,,,
"나물,무침류",생채류,"나물,무침류",seasoned vegetable,오이생채,50,34.53,0.69,11011010,11,4.48,0.86,1.45,4.02,,,,,
"나물,무침류",생채류,"나물,무침류",seasoned vegetable,파무침,150,105.95,0.71,11011011,11,13.62,3.38,4.22,12.03,,,,,
"나물,무침류",샐러드류,"나물,무침류",seasoned vegetable,상추겉절이,100,61.14,0.61,11012001,11,5.26,2.36,3.41,2.98,,,,,
"나물,무침류",샐러드류,"나물,무침류",seasoned vegetable,쑥갓나물무침,150,96,0.64,11012002,11,6.6,4.5,5.7,0.3,,,,,
"나물,무침류",샐러드류,"나물,무침류",seasoned vegetable,청포묵무침,250,149,0.6,11012003,11,22.7,2.9,5.2,1.8,,,,,
"나물,무침류",샐러드류,"나물,무침류",seasoned vegetable,해파리냉채,150,91,0.61,11012004,11,13.4,6.2,1.4,11.4,,,,,
"나물,무침류",숙채류,"나물,무침류",seasoned vegetable,가지나물,50,17.95,0.36,11013001,11,2.09,0.71,0.75,1.17,,,,,
"나물,무침류",숙채류,"나물,무침류",seasoned vegetable,고사리나물,50,44.97,0.9,11013002,11,3.14,1.89,2.76,0.25,,,,,
"나물,무침류",숙채류,"나물,무침류",seasoned vegetable,도라지나물,50,65.04,1.3,11013003,11,6.56,1.24,3.76,0.45,,,,,
"나물,무침류",숙채류,"나물,무침류",seasoned vegetable,무나물,50,10.56,0.21,11013004,11,1.82,0.31,0.23,1.65,,,,,
"나물,무침류",숙채류,"나물,무침류",seasoned vegetable,미나리나물,50,29.53,0.59,11013005,11,2.24,1.02,1.83,0,,,,,
"나물,무침류",숙채류,"나물,무침류",seasoned vegetable,숙주나물,50,17.5,0.35,11013006,11,1.48,1.11,0.79,0.79,,,,,
"나물,무침류",숙채류,"나물,무침류",seasoned vegetable,시금치나물,50,34.28,0.69,11013007,11,1.68,1.87,2.23,0.05,,,,,
"나물,무침류",숙채류,"나물,무침류",seasoned vegetable,취나물,50,44.4,0.89,11013009,11,3.2,1.81,2.7,0,,,,,
"나물,무침류",숙채류,"나물,무침류",seasoned vegetable,콩나물,50,34.54,0.69,11013010,11,1.6,1.93,2.27,0.25,,,,,
"나물,무침류",숙채류,"나물,무침류",seasoned vegetable,고구마줄기나물,50,41.61,0.83,11013011,11,2.05,0.49,3.5,0,,,,,
"나물,무침류",숙채류,"나물,무침류",seasoned vegetable,우거지나물무침,150,129,0.86,11013012,11,8.7,4.5,8.5,1.5,,,,,
"나물,무침류",어패류무침,"나물,무침류",seasoned vegetable,골뱅이무침,100,108.79,1.09,11014001,11,15.69,7.08,1.97,10.47,,,,,
"나물,무침류",어패류무침,"나물,무침류",seasoned vegetable,김무침,30,77.57,2.59,11014002,11,5.8,6.35,3.22,1.75,,,,,
"나물,무침류",어패류무침,"나물,무침류",seasoned vegetable,미역초무침,50,17.49,0.35,11014003,11,2.62,0.59,0.51,0.65,,,,,
"나물,무침류",어패류무침,"나물,무침류",seasoned vegetable,북어채무침,150,282.02,1.88,11014004,11,18.07,42.6,4.37,8.38,,,,,
"나물,무침류",어패류무침,"나물,무침류",seasoned vegetable,회무침,250,203.95,0.82,11014005,11,21.5,20.22,4.12,11.33,,,,,
"나물,무침류",어패류무침,"나물,무침류",seasoned vegetable,쥐치채,20,55.92,2.8,11014006,11,10.9,2.75,0.15,4.55,,,,,
"나물,무침류",어패류무침,"나물,무침류",seasoned vegetable,파래무침,30,14.83,0.49,11014007,11,1.49,1.06,0.51,0.52,,,,,
"나물,무침류",어패류무침,"나물,무침류",seasoned vegetable,홍어무침,200,198.94,0.99,11014008,11,25.95,17.85,2.63,14.46,,,,,
"나물,무침류",어패류무침,면류,noodle,골뱅이국수무침,230,250.52,1.09,11014009,11,43.49,11.53,3.38,8.2,,,,,
"나물,무침류",어패류무침,"나물,무침류",seasoned vegetable,오징어무침,200,254.31,1.27,11014010,11,13.04,39.45,4.93,13.15,,,,,
"나물,무침류",육류무침,면류,noodle,잡채,200,291.15,1.46,11015001,11,12.26,3.55,3.81,0.4,,,,,
"나물,무침류",육류무침,"나물,무침류",seasoned vegetable,탕평채,100,97.5,0.98,11015002,11,12.26,3.55,3.81,0.4,,,,,
김치류,김치류,김치류,kimchi,갓김치,40,16.53,0.41,12011001,12,1.88,1.03,0.54,0.47,,,,,
김치류,김치류,김치류,kimchi,고들빼기,50,35.27,0.71,12011002,12,5.76,1.5,0.69,2.2,,,,,
김치류,김치류,김치류,kimchi,깍두기,50,16.4,0.33,12011003,12,2.12,0.78,0.53,1.27,,,,,
김치류,김치류,김치류,kimchi,깻잎김치,50,31.15,0.62,12011004,12,4.46,1.41,0.86,2.02,,,,,
김치류,김치류,김치류,kimchi,나박김치,100,9.82,0.1,12011005,12,1.15,0.46,0.38,0.34,,,,,
김치류,김치류,김치류,kimchi,동치미,200,27.21,0.14,12011006,12,4.55,0.58,0.74,2.9,,,,,
김치류,김치류,김치류,kimchi,배추김치,40,10.66,0.27,12011008,12,1.27,0.68,0.31,0.95,,,,,
김치류,김치류,김치류,kimchi,백김치,90,16.56,0.18,12011009,12,2.06,0.92,0.51,0.7,,,,,
김치류,김치류,김치류,kimchi,부추김치,50,23.33,0.47,12011010,12,3.18,1.34,0.58,2.04,,,,,
김치류,김치류,김치류,kimchi,열무김치,40,10.71,0.27,12011011,12,0.86,0.72,0.49,0.17,,,,,
김치류,김치류,김치류,kimchi,오이소박이,100,32.38,0.32,12011013,12,4.43,1.73,0.86,3.4,,,,,
김치류,김치류,김치류,kimchi,총각김치,70,22.89,0.33,12011014,12,3.57,0.98,0.52,1.34,,,,,
김치류,김치류,김치류,kimchi,파김치,30,13.32,0.44,12011015,12,1.26,0.77,0.58,0.45,,,,,
회류,어패류,어패류,seafood,생연어,100,106,1.06,14011001,14,0.2,20.6,1.9,0,,,,,
회류,어패류,어패류,seafood,생선물회,800,577.97,0.72,14011002,14,82.5,34.3,12.3,52,,,,,
회류,어패류,어패류,seafood,광어회,100,125,1.25,14011004,14,0,22.4,1.6,0,,,,,
회류,어패류,어패류,seafood,훈제연어,100,209,2.09,14011005,14,0.2,23.5,10.7,0.1,,,,,
회류,육류,육류,meat,육회,150,195.06,1.3,14012001,14,12.18,14.9,9.64,7.93,,,,,
회류,육류,육류,meat,육사시미,100,135,1.35,14012002,14,,,,,,,,,